id,SA2_name_usual_residence_address,SA2_name_educational_address,COMMUTE_TYPE,COUNT,TYPE,departure_SA22018_V1_NAME,departure_LATITUDE,departure_LONGITUDE,destination_SA22018_V1_NAME,destination_LATITUDE,destination_LONGITUDE,HAVERSINE_DISTANCE,DEPARTURE_NAME_2,DESTINATION_NAME_2,DEPARTURE_NAME_1,DESTINATION_NAME_1,cluster_count
E0,North Cape,North Cape,STUDY_AT_HOME,27,EDUCATION,North Cape,-34.50545276,172.77554997,North Cape,-34.50545276,172.77554997,0.0,Far North,Far North,Northland,Northland,1
E19,Kaitaia West,Kaitaia West,STUDY_AT_HOME,60,EDUCATION,Kaitaia West,-35.12178170000001,173.26717397,Kaitaia West,-35.12178170000001,173.26717397,0.0,Far North,Far North,Northland,Northland,6
E26,Rangaunu Harbour,Rangaunu Harbour,STUDY_AT_HOME,54,EDUCATION,Rangaunu Harbour,-34.91627744,173.13744282,Rangaunu Harbour,-34.91627744,173.13744282,0.0,Far North,Far North,Northland,Northland,1
E42,Taumarumaru,Taumarumaru,STUDY_AT_HOME,27,EDUCATION,Taumarumaru,-34.99672682,173.50774402,Taumarumaru,-34.99672682,173.50774402,0.0,Far North,Far North,Northland,Northland,5
E830,Mairtown,Mairtown,STUDY_AT_HOME,39,EDUCATION,Mairtown,-35.70451425,174.32430453,Mairtown,-35.70451425,174.32430453,0.0,Whangarei,Whangarei,Northland,Northland,32
E208,Puketona-Waitangi,Puketona-Waitangi,STUDY_AT_HOME,18,EDUCATION,Puketona-Waitangi,-35.27991822,174.00095246,Puketona-Waitangi,-35.27991822,174.00095246,0.0,Far North,Far North,Northland,Northland,16
E132,Peria,Peria,STUDY_AT_HOME,18,EDUCATION,Peria,-35.12407747,173.44813792,Peria,-35.12407747,173.44813792,0.0,Far North,Far North,Northland,Northland,1
E138,Kaeo,Kaeo,STUDY_AT_HOME,27,EDUCATION,Kaeo,-35.15410315,173.74331968,Kaeo,-35.15410315,173.74331968,0.0,Far North,Far North,Northland,Northland,1
E148,Kaikohe,Kaikohe,STUDY_AT_HOME,69,EDUCATION,Kaikohe,-35.40792422,173.79767516,Kaikohe,-35.40792422,173.79767516,0.0,Far North,Far North,Northland,Northland,4
E154,Kohukohu-Broadwood,Kohukohu-Broadwood,STUDY_AT_HOME,18,EDUCATION,Kohukohu-Broadwood,-35.29006863,173.46362668,Kohukohu-Broadwood,-35.29006863,173.46362668,0.0,Far North,Far North,Northland,Northland,1
E164,Whakarara,Whakarara,STUDY_AT_HOME,18,EDUCATION,Whakarara,-35.0629133,173.84991312,Whakarara,-35.0629133,173.84991312,0.0,Far North,Far North,Northland,Northland,1
E173,Omahuta Forest-Horeke,Omahuta Forest-Horeke,STUDY_AT_HOME,18,EDUCATION,Omahuta Forest-Horeke,-35.28834375,173.61780248,Omahuta Forest-Horeke,-35.28834375,173.61780248,0.0,Far North,Far North,Northland,Northland,1
E174,Hokianga South,Hokianga South,STUDY_AT_HOME,18,EDUCATION,Hokianga South,-35.46801387,173.48438703,Hokianga South,-35.46801387,173.48438703,0.0,Far North,Far North,Northland,Northland,1
E177,Waima Forest,Waima Forest,STUDY_AT_HOME,15,EDUCATION,Waima Forest,-35.48716638,173.62952632,Waima Forest,-35.48716638,173.62952632,0.0,Far North,Far North,Northland,Northland,1
E179,Waipoua Forest,Waipoua Forest,STUDY_AT_HOME,21,EDUCATION,Waipoua Forest,-35.58128435,173.51134902,Waipoua Forest,-35.58128435,173.51134902,0.0,Far North,Far North,Northland,Northland,1
E6723,Epsom East,Epsom East,STUDY_AT_HOME,24,EDUCATION,Epsom East,-36.89528995,174.7782585,Epsom East,-36.89528995,174.7782585,0.0,Waitakere,Waitakere,Auckland,Auckland,518
E611,Mataraua Forest,Mataraua Forest,STUDY_AT_HOME,9,EDUCATION,Mataraua Forest,-35.54715526,173.80536516,Mataraua Forest,-35.54715526,173.80536516,0.0,Far North,Far North,Northland,Northland,1
E655,Matawaia-Taumarere,Matawaia-Taumarere,STUDY_AT_HOME,12,EDUCATION,Matawaia-Taumarere,-35.49406405,173.95266307,Matawaia-Taumarere,-35.49406405,173.95266307,0.0,Far North,Far North,Northland,Northland,1
E662,Maromaku,Maromaku,STUDY_AT_HOME,18,EDUCATION,Maromaku,-35.47825535,174.14132759999995,Maromaku,-35.47825535,174.14132759999995,0.0,Far North,Far North,Northland,Northland,1
E665,Russell Forest-Rawhiti,Russell Forest-Rawhiti,STUDY_AT_HOME,9,EDUCATION,Russell Forest-Rawhiti,-35.36879174,174.22606034,Russell Forest-Rawhiti,-35.36879174,174.22606034,0.0,Far North,Far North,Northland,Northland,1
E670,Whangaruru,Whangaruru,STUDY_AT_HOME,51,EDUCATION,Whangaruru,-35.48991999,174.33501130000005,Whangaruru,-35.48991999,174.33501130000005,0.0,Whangarei,Whangarei,Northland,Northland,1
E728,Mangakahia-Hukerenui,Mangakahia-Hukerenui,STUDY_AT_HOME,42,EDUCATION,Mangakahia-Hukerenui,-35.65301955,174.0023164,Mangakahia-Hukerenui,-35.65301955,174.0023164,0.0,Whangarei,Whangarei,Northland,Northland,1
E937,Oakleigh-Mangapai,Oakleigh-Mangapai,STUDY_AT_HOME,48,EDUCATION,Oakleigh-Mangapai,-35.89588695,174.21595621,Oakleigh-Mangapai,-35.89588695,174.21595621,0.0,Whangarei,Whangarei,Northland,Northland,1
E1599,Ruakaka,Ruakaka,STUDY_AT_HOME,33,EDUCATION,Ruakaka,-35.87869623,174.45727498,Ruakaka,-35.87869623,174.45727498,0.0,Whangarei,Whangarei,Northland,Northland,4
E10996,Bird Area,Bird Area,STUDY_AT_HOME,39,EDUCATION,Bird Area,-38.69357961,176.0859815,Bird Area,-38.69357961,176.0859815,0.0,Taupo,Taupo,Waikato,Waikato,14
E1596,Waipu,Waipu,STUDY_AT_HOME,39,EDUCATION,Waipu,-36.03330412,174.45082085,Waipu,-36.03330412,174.45082085,0.0,Whangarei,Whangarei,Northland,Northland,1
E1608,Maungaturoto,Maungaturoto,STUDY_AT_HOME,15,EDUCATION,Maungaturoto,-36.10952458,174.34693916,Maungaturoto,-36.10952458,174.34693916,0.0,Kaipara,Kaipara,Northland,Northland,1
E1615,Kaipara Coastal,Kaipara Coastal,STUDY_AT_HOME,72,EDUCATION,Kaipara Coastal,-35.72900181,173.65124289,Kaipara Coastal,-35.72900181,173.65124289,0.0,Kaipara,Kaipara,Northland,Northland,1
E1620,Ruawai-Matakohe,Ruawai-Matakohe,STUDY_AT_HOME,33,EDUCATION,Ruawai-Matakohe,-36.08477059,174.14649781,Ruawai-Matakohe,-36.08477059,174.14649781,0.0,Kaipara,Kaipara,Northland,Northland,1
E1624,Dargaville,Dargaville,STUDY_AT_HOME,75,EDUCATION,Dargaville,-35.93920158,173.86524045,Dargaville,-35.93920158,173.86524045,0.0,Kaipara,Kaipara,Northland,Northland,1
E1626,Maungaru,Maungaru,STUDY_AT_HOME,33,EDUCATION,Maungaru,-35.87696287,173.97089153,Maungaru,-35.87696287,173.97089153,0.0,Kaipara,Kaipara,Northland,Northland,1
E1628,Otamatea (Kaipara District),Otamatea (Kaipara District),STUDY_AT_HOME,48,EDUCATION,Otamatea (Kaipara District),-36.20622411,174.32331996,Otamatea (Kaipara District),-36.20622411,174.32331996,0.0,Kaipara,Kaipara,Northland,Northland,2
E2588,Sandspit,Sandspit,STUDY_AT_HOME,15,EDUCATION,Sandspit,-36.39777901,174.69854725,Sandspit,-36.39777901,174.69854725,0.0,Rodney,Rodney,Auckland,Auckland,8
E1666,Okahukura Peninsula,Okahukura Peninsula,STUDY_AT_HOME,39,EDUCATION,Okahukura Peninsula,-36.31614337,174.47831639,Okahukura Peninsula,-36.31614337,174.47831639,0.0,Rodney,Rodney,Auckland,Auckland,2
E1658,Mangawhai,Mangawhai,STUDY_AT_HOME,9,EDUCATION,Mangawhai,-36.12486297,174.57648718,Mangawhai,-36.12486297,174.57648718,0.0,Kaipara,Kaipara,Northland,Northland,3
E1663,Cape Rodney,Cape Rodney,STUDY_AT_HOME,60,EDUCATION,Cape Rodney,-36.25433822,174.62638047,Cape Rodney,-36.25433822,174.62638047,0.0,Rodney,Rodney,Auckland,Auckland,1
E1668,Kaipara Hills,Kaipara Hills,STUDY_AT_HOME,39,EDUCATION,Kaipara Hills,-36.46348663,174.48881947,Kaipara Hills,-36.46348663,174.48881947,0.0,Rodney,Rodney,Auckland,Auckland,1
E2005,South Head,South Head,STUDY_AT_HOME,27,EDUCATION,South Head,-36.59353204,174.31227374,South Head,-36.59353204,174.31227374,0.0,Rodney,Rodney,Auckland,Auckland,1
E2755,Barrier Islands,Barrier Islands,STUDY_AT_HOME,15,EDUCATION,Barrier Islands,-36.20109801,175.42316367,Barrier Islands,-36.20109801,175.42316367,0.0,Auckland,Auckland,Auckland,Auckland,1
E10093,Tamahere North,Tamahere North,STUDY_AT_HOME,39,EDUCATION,Tamahere North,-37.8125973,175.35271026,Tamahere North,-37.8125973,175.35271026,0.0,Waikato,Waikato,Waikato,Waikato,125
E11936,Koutu,Koutu,STUDY_AT_HOME,21,EDUCATION,Koutu,-38.12154784,176.23823269,Koutu,-38.12154784,176.23823269,0.0,Rotorua,Rotorua,Waikato,Waikato,33
E21901,Belleknowes,Belleknowes,STUDY_AT_HOME,27,EDUCATION,Belleknowes,-45.87481662,170.4813773,Belleknowes,-45.87481662,170.4813773,0.0,Dunedin,Dunedin,Otago,Otago,60
E7024,Ostend,Ostend,STUDY_AT_HOME,18,EDUCATION,Ostend,-36.79263832,175.05220466,Ostend,-36.79263832,175.05220466,0.0,Auckland,Auckland,Auckland,Auckland,6
E8696,Kawakawa Bay-Orere,Kawakawa Bay-Orere,STUDY_AT_HOME,33,EDUCATION,Kawakawa Bay-Orere,-36.98413362,175.15196852,Kawakawa Bay-Orere,-36.98413362,175.15196852,0.0,Manukau,Manukau,Auckland,Auckland,1
E8936,Hauraki Plains East,Hauraki Plains East,STUDY_AT_HOME,21,EDUCATION,Hauraki Plains East,-37.23819335,175.54353689,Hauraki Plains East,-37.23819335,175.54353689,0.0,Hauraki,Hauraki,Waikato,Waikato,11
E8853,Coromandel,Coromandel,STUDY_AT_HOME,18,EDUCATION,Coromandel,-36.75575844,175.49571548,Coromandel,-36.75575844,175.49571548,0.0,Thames-Coromandel,Thames-Coromandel,Waikato,Waikato,2
E8871,Whitianga North,Whitianga North,STUDY_AT_HOME,21,EDUCATION,Whitianga North,-36.82143931,175.6736582,Whitianga North,-36.82143931,175.6736582,0.0,Thames-Coromandel,Thames-Coromandel,Waikato,Waikato,3
E8869,Mercury Bay South,Mercury Bay South,STUDY_AT_HOME,15,EDUCATION,Mercury Bay South,-36.97215776,175.71637026,Mercury Bay South,-36.97215776,175.71637026,0.0,Thames-Coromandel,Thames-Coromandel,Waikato,Waikato,1
E8872,Thames Coast,Thames Coast,STUDY_AT_HOME,39,EDUCATION,Thames Coast,-37.0047507,175.54379335,Thames Coast,-37.0047507,175.54379335,0.0,Thames-Coromandel,Thames-Coromandel,Waikato,Waikato,1
E8892,Matatoki-Puriri,Matatoki-Puriri,STUDY_AT_HOME,15,EDUCATION,Matatoki-Puriri,-37.23726446,175.66087396,Matatoki-Puriri,-37.23726446,175.66087396,0.0,Thames-Coromandel,Thames-Coromandel,Waikato,Waikato,1
E8906,Hikuai,Hikuai,STUDY_AT_HOME,9,EDUCATION,Hikuai,-37.10104385,175.76808748,Hikuai,-37.10104385,175.76808748,0.0,Thames-Coromandel,Thames-Coromandel,Waikato,Waikato,1
E8914,Pauanui,Pauanui,STUDY_AT_HOME,6,EDUCATION,Pauanui,-37.03385041,175.85488182,Pauanui,-37.03385041,175.85488182,0.0,Thames-Coromandel,Thames-Coromandel,Waikato,Waikato,2
E8912,Whangamata,Whangamata,STUDY_AT_HOME,48,EDUCATION,Whangamata,-37.21349281,175.86658897,Whangamata,-37.21349281,175.86658897,0.0,Thames-Coromandel,Thames-Coromandel,Waikato,Waikato,1
E8953,Waihi South,Waihi South,STUDY_AT_HOME,33,EDUCATION,Waihi South,-37.397349,175.83752238,Waihi South,-37.397349,175.83752238,0.0,Hauraki,Hauraki,Waikato,Waikato,4
E8931,Miranda-Pukorokoro,Miranda-Pukorokoro,STUDY_AT_HOME,12,EDUCATION,Miranda-Pukorokoro,-37.11354894,175.27611278,Miranda-Pukorokoro,-37.11354894,175.27611278,0.0,Franklin,Franklin,Waikato,Waikato,1
E8945,Tahuna-Mangateparu,Tahuna-Mangateparu,STUDY_AT_HOME,24,EDUCATION,Tahuna-Mangateparu,-37.52132213,175.46480172,Tahuna-Mangateparu,-37.52132213,175.46480172,0.0,Matamata-Piako,Matamata-Piako,Waikato,Waikato,1
E11005,Athenree,Athenree,STUDY_AT_HOME,6,EDUCATION,Athenree,-37.44455774,175.95917327,Athenree,-37.44455774,175.95917327,0.0,Western Bay of Plenty,Western Bay of Plenty,Bay of Plenty,Bay of Plenty,2
E8968,Katikati,Katikati,STUDY_AT_HOME,48,EDUCATION,Katikati,-37.55213437,175.92548294,Katikati,-37.55213437,175.92548294,0.0,Western Bay of Plenty,Western Bay of Plenty,Bay of Plenty,Bay of Plenty,3
E8983,Onewhero,Onewhero,STUDY_AT_HOME,27,EDUCATION,Onewhero,-37.36416985,174.87549359,Onewhero,-37.36416985,174.87549359,0.0,Franklin,Franklin,Waikato,Waikato,1
E8997,Maramarua,Maramarua,STUDY_AT_HOME,21,EDUCATION,Maramarua,-37.27897408,175.21484861,Maramarua,-37.27897408,175.21484861,0.0,Waikato,Waikato,Waikato,Waikato,1
E9010,Waerenga,Waerenga,STUDY_AT_HOME,24,EDUCATION,Waerenga,-37.42381266,175.30852178,Waerenga,-37.42381266,175.30852178,0.0,Waikato,Waikato,Waikato,Waikato,1
E9565,Huntly East,Huntly East,STUDY_AT_HOME,36,EDUCATION,Huntly East,-37.55408564,175.16553246,Huntly East,-37.55408564,175.16553246,0.0,Waikato,Waikato,Waikato,Waikato,3
E9568,Whitikahu,Whitikahu,STUDY_AT_HOME,39,EDUCATION,Whitikahu,-37.57098670000001,175.31718590000003,Whitikahu,-37.57098670000001,175.31718590000003,0.0,Waikato,Waikato,Waikato,Waikato,1
E9683,Raglan,Raglan,STUDY_AT_HOME,57,EDUCATION,Raglan,-37.81138720000001,174.8538483,Raglan,-37.81138720000001,174.8538483,0.0,Waikato,Waikato,Waikato,Waikato,1
E9686,Te Uku,Te Uku,STUDY_AT_HOME,45,EDUCATION,Te Uku,-37.88322634,174.93821165,Te Uku,-37.88322634,174.93821165,0.0,Waikato,Waikato,Waikato,Waikato,1
E11448,Maungatapu,Maungatapu,STUDY_AT_HOME,42,EDUCATION,Maungatapu,-37.718326399999995,176.17894876,Maungatapu,-37.718326399999995,176.17894876,0.0,Western Bay of Plenty,Western Bay of Plenty,Bay of Plenty,Bay of Plenty,61
E10299,Te Poi,Te Poi,STUDY_AT_HOME,21,EDUCATION,Te Poi,-37.87153608,175.87306966,Te Poi,-37.87153608,175.87306966,0.0,Matamata-Piako,Matamata-Piako,Waikato,Waikato,1
E10653,Maungatautari,Maungatautari,STUDY_AT_HOME,12,EDUCATION,Maungatautari,-37.99001963,175.59740495,Maungatautari,-37.99001963,175.59740495,0.0,Waipa,Waipa,Waikato,Waikato,1
E10654,Rotongata,Rotongata,STUDY_AT_HOME,12,EDUCATION,Rotongata,-38.09897589,175.54852216,Rotongata,-38.09897589,175.54852216,0.0,Waipa,Waipa,Waikato,Waikato,1
E10660,Puniu,Puniu,STUDY_AT_HOME,27,EDUCATION,Puniu,-38.28518422,175.55136504,Puniu,-38.28518422,175.55136504,0.0,Otorohanga,Otorohanga,Waikato,Waikato,1
E10662,Pirongia Forest,Pirongia Forest,STUDY_AT_HOME,6,EDUCATION,Pirongia Forest,-38.07790098,174.95930582,Pirongia Forest,-38.07790098,174.95930582,0.0,Otorohanga,Otorohanga,Waikato,Waikato,1
E10685,Te Kuiti West,Te Kuiti West,STUDY_AT_HOME,39,EDUCATION,Te Kuiti West,-38.33639894,175.16019027,Te Kuiti West,-38.33639894,175.16019027,0.0,Waitomo,Waitomo,Waikato,Waikato,3
E10689,Maihiihi,Maihiihi,STUDY_AT_HOME,30,EDUCATION,Maihiihi,-38.25985712,175.35339708,Maihiihi,-38.25985712,175.35339708,0.0,Otorohanga,Otorohanga,Waikato,Waikato,1
E10690,Tirau,Tirau,STUDY_AT_HOME,33,EDUCATION,Tirau,-37.95916018,175.81429616,Tirau,-37.95916018,175.81429616,0.0,South Waikato,South Waikato,Waikato,Waikato,1
E10740,Putararu Rural,Putararu Rural,STUDY_AT_HOME,39,EDUCATION,Putararu Rural,-38.09657792,175.73244372,Putararu Rural,-38.09657792,175.73244372,0.0,South Waikato,South Waikato,Waikato,Waikato,2
E10809,Matarawa,Matarawa,STUDY_AT_HOME,24,EDUCATION,Matarawa,-38.22438631,175.85345651,Matarawa,-38.22438631,175.85345651,0.0,South Waikato,South Waikato,Waikato,Waikato,8
E10816,Ngakuru,Ngakuru,STUDY_AT_HOME,30,EDUCATION,Ngakuru,-38.3265856,176.19950049,Ngakuru,-38.3265856,176.19950049,0.0,Rotorua,Rotorua,Waikato,Waikato,1
E10838,Herangi,Herangi,STUDY_AT_HOME,12,EDUCATION,Herangi,-38.45166436,174.80364536,Herangi,-38.45166436,174.80364536,0.0,Waitomo,Waitomo,Waikato,Waikato,1
E10841,Aria,Aria,STUDY_AT_HOME,18,EDUCATION,Aria,-38.542289200000006,175.02022119,Aria,-38.542289200000006,175.02022119,0.0,Waitomo,Waitomo,Waikato,Waikato,1
E13446,Highlands Park (New Plymouth District),Highlands Park (New Plymouth District),STUDY_AT_HOME,48,EDUCATION,Highlands Park (New Plymouth District),-39.08069461,174.10443117,Highlands Park (New Plymouth District),-39.08069461,174.10443117,0.0,New Plymouth,New Plymouth,Taranaki,Taranaki,32
E10895,Waipa Valley,Waipa Valley,STUDY_AT_HOME,18,EDUCATION,Waipa Valley,-38.45839327,175.27657366,Waipa Valley,-38.45839327,175.27657366,0.0,Waitomo,Waitomo,Waikato,Waikato,1
E10896,Marotiri,Marotiri,STUDY_AT_HOME,21,EDUCATION,Marotiri,-38.51214377,175.78064218,Marotiri,-38.51214377,175.78064218,0.0,Taupo,Taupo,Waikato,Waikato,1
E10937,Ohakuri,Ohakuri,STUDY_AT_HOME,30,EDUCATION,Ohakuri,-38.52137003,176.09477746,Ohakuri,-38.52137003,176.09477746,0.0,Taupo,Taupo,Bay of Plenty,Bay of Plenty,1
E10954,Wairakei-Broadlands,Wairakei-Broadlands,STUDY_AT_HOME,15,EDUCATION,Wairakei-Broadlands,-38.68443198,176.26217734,Wairakei-Broadlands,-38.68443198,176.26217734,0.0,Taupo,Taupo,Bay of Plenty,Bay of Plenty,1
E10965,Golden Springs,Golden Springs,STUDY_AT_HOME,27,EDUCATION,Golden Springs,-38.43903714,176.35043100000001,Golden Springs,-38.43903714,176.35043100000001,0.0,Rotorua,Rotorua,Waikato,Waikato,1
E10966,Lake Taupo Bays,Lake Taupo Bays,STUDY_AT_HOME,24,EDUCATION,Lake Taupo Bays,-38.87191067,175.73166979,Lake Taupo Bays,-38.87191067,175.73166979,0.0,Taupo,Taupo,Waikato,Waikato,1
E10969,Turangi,Turangi,STUDY_AT_HOME,48,EDUCATION,Turangi,-38.99284557,175.80606909999997,Turangi,-38.99284557,175.80606909999997,0.0,Taupo,Taupo,Waikato,Waikato,1
E10999,Kaimanawa,Kaimanawa,STUDY_AT_HOME,27,EDUCATION,Kaimanawa,-39.18581719,175.74164069,Kaimanawa,-39.18581719,175.74164069,0.0,Taupo,Taupo,Waikato,Waikato,1
E11002,National Park,National Park,STUDY_AT_HOME,18,EDUCATION,National Park,-39.11630156,175.37193356,National Park,-39.11630156,175.37193356,0.0,Ruapehu,Ruapehu,Manawatu-Wanganui,Manawatu-Wanganui,1
E11003,Rangataiki,Rangataiki,STUDY_AT_HOME,9,EDUCATION,Rangataiki,-38.71838874,176.47059091,Rangataiki,-38.71838874,176.47059091,0.0,Taupo,Taupo,Bay of Plenty,Bay of Plenty,1
E11356,Kaimai,Kaimai,STUDY_AT_HOME,39,EDUCATION,Kaimai,-37.88590858,176.02098429,Kaimai,-37.88590858,176.02098429,0.0,Western Bay of Plenty,Western Bay of Plenty,Bay of Plenty,Bay of Plenty,1
E11375,Waiorohi,Waiorohi,STUDY_AT_HOME,63,EDUCATION,Waiorohi,-37.87712037,176.14775568,Waiorohi,-37.87712037,176.14775568,0.0,Western Bay of Plenty,Western Bay of Plenty,Bay of Plenty,Bay of Plenty,1
E11493,Pongakawa,Pongakawa,STUDY_AT_HOME,39,EDUCATION,Pongakawa,-37.89305456,176.49614474,Pongakawa,-37.89305456,176.49614474,0.0,Western Bay of Plenty,Western Bay of Plenty,Bay of Plenty,Bay of Plenty,1
E11972,Kaingaroa-Whakarewarewa,Kaingaroa-Whakarewarewa,STUDY_AT_HOME,21,EDUCATION,Kaingaroa-Whakarewarewa,-38.25763217,176.45697211,Kaingaroa-Whakarewarewa,-38.25763217,176.45697211,0.0,Rotorua,Rotorua,Bay of Plenty,Bay of Plenty,1
E11973,Manawahe,Manawahe,STUDY_AT_HOME,9,EDUCATION,Manawahe,-37.94949244,176.66958968,Manawahe,-37.94949244,176.66958968,0.0,Whakatane,Whakatane,Bay of Plenty,Bay of Plenty,1
E12027,Thornton-Awakeri,Thornton-Awakeri,STUDY_AT_HOME,21,EDUCATION,Thornton-Awakeri,-37.98393622,176.90843855,Thornton-Awakeri,-37.98393622,176.90843855,0.0,Whakatane,Whakatane,Bay of Plenty,Bay of Plenty,15
E12096,Waingarara-Waimana,Waingarara-Waimana,STUDY_AT_HOME,15,EDUCATION,Waingarara-Waimana,-38.28225314,177.02173872,Waingarara-Waimana,-38.28225314,177.02173872,0.0,Whakatane,Whakatane,Bay of Plenty,Bay of Plenty,1
E12108,Galatea,Galatea,STUDY_AT_HOME,63,EDUCATION,Galatea,-38.59477922,176.83164675,Galatea,-38.59477922,176.83164675,0.0,Whakatane,Whakatane,Bay of Plenty,Bay of Plenty,1
E12111,Murupara,Murupara,STUDY_AT_HOME,18,EDUCATION,Murupara,-38.45393088,176.70638789,Murupara,-38.45393088,176.70638789,0.0,Whakatane,Whakatane,Bay of Plenty,Bay of Plenty,1
E12129,Woodlands,Woodlands,STUDY_AT_HOME,15,EDUCATION,Woodlands,-38.01656194,177.25965904,Woodlands,-38.01656194,177.25965904,0.0,Opotiki,Opotiki,Bay of Plenty,Bay of Plenty,4
E12124,Cape Runaway,Cape Runaway,STUDY_AT_HOME,24,EDUCATION,Cape Runaway,-37.85617143,177.78942872,Cape Runaway,-37.85617143,177.78942872,0.0,Opotiki,Opotiki,Bay of Plenty,Bay of Plenty,1
E12131,Oponae,Oponae,STUDY_AT_HOME,6,EDUCATION,Oponae,-38.20378355,177.38215021,Oponae,-38.20378355,177.38215021,0.0,Opotiki,Opotiki,Bay of Plenty,Bay of Plenty,1
E12132,East Cape,East Cape,STUDY_AT_HOME,9,EDUCATION,East Cape,-37.68457303,178.25309634,East Cape,-37.68457303,178.25309634,0.0,Gisborne,Gisborne,Gisborne,Gisborne,1
E12134,Ruatoria-Raukumara,Ruatoria-Raukumara,STUDY_AT_HOME,12,EDUCATION,Ruatoria-Raukumara,-37.86680632,178.19588547,Ruatoria-Raukumara,-37.86680632,178.19588547,0.0,Gisborne,Gisborne,Gisborne,Gisborne,1
E12136,Waipaoa,Waipaoa,STUDY_AT_HOME,42,EDUCATION,Waipaoa,-38.34127548,177.70733968,Waipaoa,-38.34127548,177.70733968,0.0,Gisborne,Gisborne,Gisborne,Gisborne,1
E12575,Tareha Reserve,Tareha Reserve,STUDY_AT_HOME,51,EDUCATION,Tareha Reserve,-39.54400792,176.85143036,Tareha Reserve,-39.54400792,176.85143036,0.0,Hastings,Hastings,Hawke's Bay,Hawke's Bay,65
E12219,Te Hapara East,Te Hapara East,STUDY_AT_HOME,36,EDUCATION,Te Hapara East,-38.6560244,178.01721277,Te Hapara East,-38.6560244,178.01721277,0.0,Gisborne,Gisborne,Gisborne,Gisborne,21
E12308,Tokomaru,Tokomaru,STUDY_AT_HOME,12,EDUCATION,Tokomaru,-38.07908632,178.14017739,Tokomaru,-38.07908632,178.14017739,0.0,Gisborne,Gisborne,Gisborne,Gisborne,1
E12310,Wharekaka,Wharekaka,STUDY_AT_HOME,24,EDUCATION,Wharekaka,-38.432262200000004,178.15682921,Wharekaka,-38.432262200000004,178.15682921,0.0,Gisborne,Gisborne,Gisborne,Gisborne,1
E12313,Hangaroa,Hangaroa,STUDY_AT_HOME,15,EDUCATION,Hangaroa,-38.67842084,177.63331484,Hangaroa,-38.67842084,177.63331484,0.0,Gisborne,Gisborne,Gisborne,Gisborne,1
E14999,Forest Lakes (Kapiti Coast District),Forest Lakes (Kapiti Coast District),STUDY_AT_HOME,9,EDUCATION,Forest Lakes (Kapiti Coast District),-40.74369534,175.16963257,Forest Lakes (Kapiti Coast District),-40.74369534,175.16963257,0.0,Kapiti Coast,Kapiti Coast,Wellington,Wellington,45
E12426,Maungataniwha-Raupunga,Maungataniwha-Raupunga,STUDY_AT_HOME,30,EDUCATION,Maungataniwha-Raupunga,-38.971756899999995,177.05706012,Maungataniwha-Raupunga,-38.971756899999995,177.05706012,0.0,Wairoa,Wairoa,Hawke's Bay,Hawke's Bay,1
E12428,Frasertown-Ruakituri,Frasertown-Ruakituri,STUDY_AT_HOME,24,EDUCATION,Frasertown-Ruakituri,-38.79568211,177.34997241,Frasertown-Ruakituri,-38.79568211,177.34997241,0.0,Wairoa,Wairoa,Hawke's Bay,Hawke's Bay,1
E12434,Wairoa,Wairoa,STUDY_AT_HOME,93,EDUCATION,Wairoa,-39.03908469,177.41898076,Wairoa,-39.03908469,177.41898076,0.0,Wairoa,Wairoa,Hawke's Bay,Hawke's Bay,1
E12436,Whakaki,Whakaki,STUDY_AT_HOME,12,EDUCATION,Whakaki,-39.01763369,177.54176403,Whakaki,-39.01763369,177.54176403,0.0,Wairoa,Wairoa,Hawke's Bay,Hawke's Bay,1
E12444,Mahia,Mahia,STUDY_AT_HOME,18,EDUCATION,Mahia,-38.98042026,177.71581946,Mahia,-38.98042026,177.71581946,0.0,Wairoa,Wairoa,Hawke's Bay,Hawke's Bay,1
E12485,Puketitiri-Tutira,Puketitiri-Tutira,STUDY_AT_HOME,21,EDUCATION,Puketitiri-Tutira,-39.19745874,176.64300698,Puketitiri-Tutira,-39.19745874,176.64300698,0.0,Hastings,Hastings,Hawke's Bay,Hawke's Bay,1
E12656,Sherenden-Crownthorpe,Sherenden-Crownthorpe,STUDY_AT_HOME,18,EDUCATION,Sherenden-Crownthorpe,-39.47575154,176.49801476,Sherenden-Crownthorpe,-39.47575154,176.49801476,0.0,Hastings,Hastings,Hawke's Bay,Hawke's Bay,1
E12754,Maraekakaho,Maraekakaho,STUDY_AT_HOME,18,EDUCATION,Maraekakaho,-39.62634976,176.29699518,Maraekakaho,-39.62634976,176.29699518,0.0,Hastings,Hastings,Hawke's Bay,Hawke's Bay,1
E12914,Poukawa,Poukawa,STUDY_AT_HOME,24,EDUCATION,Poukawa,-39.75996379,176.70227115,Poukawa,-39.75996379,176.70227115,0.0,Hastings,Hastings,Hawke's Bay,Hawke's Bay,1
E12940,Waipukurau East,Waipukurau East,STUDY_AT_HOME,24,EDUCATION,Waipukurau East,-40.00231546,176.56027065,Waipukurau East,-40.00231546,176.56027065,0.0,Central Hawke's Bay,Central Hawke's Bay,Hawke's Bay,Hawke's Bay,3
E12949,Mangaonuku,Mangaonuku,STUDY_AT_HOME,27,EDUCATION,Mangaonuku,-39.80378374,176.41709256,Mangaonuku,-39.80378374,176.41709256,0.0,Central Hawke's Bay,Central Hawke's Bay,Hawke's Bay,Hawke's Bay,1
E13183,Makaretu,Makaretu,STUDY_AT_HOME,33,EDUCATION,Makaretu,-39.94160872,176.31273142,Makaretu,-39.94160872,176.31273142,0.0,Central Hawke's Bay,Central Hawke's Bay,Hawke's Bay,Hawke's Bay,1
E13187,Mangarara,Mangarara,STUDY_AT_HOME,24,EDUCATION,Mangarara,-39.99003717,176.76264858,Mangarara,-39.99003717,176.76264858,0.0,Central Hawke's Bay,Central Hawke's Bay,Hawke's Bay,Hawke's Bay,1
E13189,Taurekaitai,Taurekaitai,STUDY_AT_HOME,18,EDUCATION,Taurekaitai,-40.20716661,176.53337716,Taurekaitai,-40.20716661,176.53337716,0.0,Central Hawke's Bay,Central Hawke's Bay,Hawke's Bay,Hawke's Bay,1
E13492,Egmont Showgrounds,Egmont Showgrounds,STUDY_AT_HOME,42,EDUCATION,Egmont Showgrounds,-39.57617162,174.26308228,Egmont Showgrounds,-39.57617162,174.26308228,0.0,South Taranaki,South Taranaki,Taranaki,Taranaki,8
E13507,Mount Messenger,Mount Messenger,STUDY_AT_HOME,12,EDUCATION,Mount Messenger,-38.92321069,174.62433902,Mount Messenger,-38.92321069,174.62433902,0.0,New Plymouth,New Plymouth,Taranaki,Taranaki,1
E13508,Tarata,Tarata,STUDY_AT_HOME,9,EDUCATION,Tarata,-39.1604937,174.39053007,Tarata,-39.1604937,174.39053007,0.0,New Plymouth,New Plymouth,Taranaki,Taranaki,1
E13549,Stratford South,Stratford South,STUDY_AT_HOME,24,EDUCATION,Stratford South,-39.34903873,174.28515816,Stratford South,-39.34903873,174.28515816,0.0,Stratford,Stratford,Taranaki,Taranaki,7
E13517,Opunake,Opunake,STUDY_AT_HOME,18,EDUCATION,Opunake,-39.45132365,173.85878435,Opunake,-39.45132365,173.85878435,0.0,South Taranaki,South Taranaki,Taranaki,Taranaki,1
E13542,Douglas,Douglas,STUDY_AT_HOME,15,EDUCATION,Douglas,-39.24071688,174.62972523,Douglas,-39.24071688,174.62972523,0.0,Stratford,Stratford,Taranaki,Taranaki,1
E13554,Cape Egmont,Cape Egmont,STUDY_AT_HOME,27,EDUCATION,Cape Egmont,-39.31360193,173.87159509999995,Cape Egmont,-39.31360193,173.87159509999995,0.0,South Taranaki,South Taranaki,Taranaki,Taranaki,1
E13555,Taungatara,Taungatara,STUDY_AT_HOME,21,EDUCATION,Taungatara,-39.44771938,173.97542033,Taungatara,-39.44771938,173.97542033,0.0,South Taranaki,South Taranaki,Taranaki,Taranaki,1
E13605,Te Roti-Moeroa,Te Roti-Moeroa,STUDY_AT_HOME,12,EDUCATION,Te Roti-Moeroa,-39.43904821,174.49347034,Te Roti-Moeroa,-39.43904821,174.49347034,0.0,South Taranaki,South Taranaki,Taranaki,Taranaki,1
E13621,Ohangai,Ohangai,STUDY_AT_HOME,6,EDUCATION,Ohangai,-39.53843359,174.44896319,Ohangai,-39.53843359,174.44896319,0.0,South Taranaki,South Taranaki,Taranaki,Taranaki,1
E13622,Mangawhio,Mangawhio,STUDY_AT_HOME,18,EDUCATION,Mangawhio,-39.61067493,174.74556695,Mangawhio,-39.61067493,174.74556695,0.0,South Taranaki,South Taranaki,Taranaki,Taranaki,1
E13624,Manutahi-Waitotora,Manutahi-Waitotora,STUDY_AT_HOME,24,EDUCATION,Manutahi-Waitotora,-39.78384701,174.57529167,Manutahi-Waitotora,-39.78384701,174.57529167,0.0,South Taranaki,South Taranaki,Taranaki,Taranaki,2
E13628,Mowhanau,Mowhanau,STUDY_AT_HOME,30,EDUCATION,Mowhanau,-39.84344675,174.90288293,Mowhanau,-39.84344675,174.90288293,0.0,Wanganui,Wanganui,Manawatu-Wanganui,Manawatu-Wanganui,1
E13818,Laird Park,Laird Park,STUDY_AT_HOME,24,EDUCATION,Laird Park,-39.91964278,175.04579452,Laird Park,-39.91964278,175.04579452,0.0,Wanganui,Wanganui,Manawatu-Wanganui,Manawatu-Wanganui,24
E13716,Otangiwai-Ohura,Otangiwai-Ohura,STUDY_AT_HOME,21,EDUCATION,Otangiwai-Ohura,-38.86696248,175.00298022,Otangiwai-Ohura,-38.86696248,175.00298022,0.0,Ruapehu,Ruapehu,Manawatu-Wanganui,Manawatu-Wanganui,1
E13736,Taumarunui East,Taumarunui East,STUDY_AT_HOME,15,EDUCATION,Taumarunui East,-38.88852154,175.31379572,Taumarunui East,-38.88852154,175.31379572,0.0,Ruapehu,Ruapehu,Manawatu-Wanganui,Manawatu-Wanganui,4
E13738,Tangiwai,Tangiwai,STUDY_AT_HOME,24,EDUCATION,Tangiwai,-39.36236325,175.16766499,Tangiwai,-39.36236325,175.16766499,0.0,Ruapehu,Ruapehu,Manawatu-Wanganui,Manawatu-Wanganui,1
E14530,Milson North,Milson North,STUDY_AT_HOME,33,EDUCATION,Milson North,-40.32708272,175.60731249,Milson North,-40.32708272,175.60731249,0.0,Palmerston North,Palmerston North,Manawatu-Wanganui,Manawatu-Wanganui,61
E13771,Raetihi,Raetihi,STUDY_AT_HOME,15,EDUCATION,Raetihi,-39.42926305,175.27603962,Raetihi,-39.42926305,175.27603962,0.0,Ruapehu,Ruapehu,Manawatu-Wanganui,Manawatu-Wanganui,1
E13775,Ohakune,Ohakune,STUDY_AT_HOME,27,EDUCATION,Ohakune,-39.41156448,175.41465037,Ohakune,-39.41156448,175.41465037,0.0,Ruapehu,Ruapehu,Manawatu-Wanganui,Manawatu-Wanganui,1
E13777,Waiouru,Waiouru,STUDY_AT_HOME,27,EDUCATION,Waiouru,-39.46984453,175.67763799,Waiouru,-39.46984453,175.67763799,0.0,Ruapehu,Ruapehu,Manawatu-Wanganui,Manawatu-Wanganui,1
E13780,Taihape,Taihape,STUDY_AT_HOME,24,EDUCATION,Taihape,-39.67806733,175.79677339,Taihape,-39.67806733,175.79677339,0.0,Rangitikei,Rangitikei,Manawatu-Wanganui,Manawatu-Wanganui,1
E13781,Upper Whanganui,Upper Whanganui,STUDY_AT_HOME,24,EDUCATION,Upper Whanganui,-39.70091534,175.16952733,Upper Whanganui,-39.70091534,175.16952733,0.0,Wanganui,Wanganui,Manawatu-Wanganui,Manawatu-Wanganui,1
E14000,Turakina,Turakina,STUDY_AT_HOME,27,EDUCATION,Turakina,-40.0113956,175.25773896,Turakina,-40.0113956,175.25773896,0.0,Rangitikei,Rangitikei,Manawatu-Wanganui,Manawatu-Wanganui,1
E14047,Mokai Patea,Mokai Patea,STUDY_AT_HOME,15,EDUCATION,Mokai Patea,-39.59566818,175.89442958,Mokai Patea,-39.59566818,175.89442958,0.0,Rangitikei,Rangitikei,Manawatu-Wanganui,Manawatu-Wanganui,1
E14118,Otairi,Otairi,STUDY_AT_HOME,36,EDUCATION,Otairi,-39.8895865,175.52547495,Otairi,-39.8895865,175.52547495,0.0,Rangitikei,Rangitikei,Manawatu-Wanganui,Manawatu-Wanganui,1
E14264,Kiwitea,Kiwitea,STUDY_AT_HOME,54,EDUCATION,Kiwitea,-40.00817686,175.69603871,Kiwitea,-40.00817686,175.69603871,0.0,Manawatu,Manawatu,Manawatu-Wanganui,Manawatu-Wanganui,1
E14462,Pohangina-Apiti,Pohangina-Apiti,STUDY_AT_HOME,24,EDUCATION,Pohangina-Apiti,-40.07201708,175.91250803,Pohangina-Apiti,-40.07201708,175.91250803,0.0,Manawatu,Manawatu,Manawatu-Wanganui,Manawatu-Wanganui,1
E14691,Norsewood,Norsewood,STUDY_AT_HOME,36,EDUCATION,Norsewood,-40.11138214,176.15105007,Norsewood,-40.11138214,176.15105007,0.0,Tararua,Tararua,Manawatu-Wanganui,Manawatu-Wanganui,1
E14701,Dannevirke East,Dannevirke East,STUDY_AT_HOME,51,EDUCATION,Dannevirke East,-40.21019552,176.10213546,Dannevirke East,-40.21019552,176.10213546,0.0,Tararua,Tararua,Manawatu-Wanganui,Manawatu-Wanganui,3
E14715,Kaitawa,Kaitawa,STUDY_AT_HOME,30,EDUCATION,Kaitawa,-40.47250224,175.97682513,Kaitawa,-40.47250224,175.97682513,0.0,Tararua,Tararua,Manawatu-Wanganui,Manawatu-Wanganui,1
E14723,Waitahora,Waitahora,STUDY_AT_HOME,12,EDUCATION,Waitahora,-40.30073659,176.21621287,Waitahora,-40.30073659,176.21621287,0.0,Tararua,Tararua,Manawatu-Wanganui,Manawatu-Wanganui,1
E14726,Owhanga,Owhanga,STUDY_AT_HOME,15,EDUCATION,Owhanga,-40.51321329,176.31039241,Owhanga,-40.51321329,176.31039241,0.0,Tararua,Tararua,Manawatu-Wanganui,Manawatu-Wanganui,1
E14728,Nireaha-Eketahuna,Nireaha-Eketahuna,STUDY_AT_HOME,30,EDUCATION,Nireaha-Eketahuna,-40.65364269,175.79396455,Nireaha-Eketahuna,-40.65364269,175.79396455,0.0,Tararua,Tararua,Manawatu-Wanganui,Manawatu-Wanganui,1
E17333,Solway South,Solway South,STUDY_AT_HOME,54,EDUCATION,Solway South,-40.96910555,175.63403571,Solway South,-40.96910555,175.63403571,0.0,Masterton,Masterton,Wellington,Wellington,19
E16709,Petone Central,Petone Central,STUDY_AT_HOME,12,EDUCATION,Petone Central,-41.22362356,174.86969444,Petone Central,-41.22362356,174.86969444,0.0,Hutt city,Hutt city,Wellington,Wellington,160
E17297,Kopuaranga,Kopuaranga,STUDY_AT_HOME,21,EDUCATION,Kopuaranga,-40.79823344,175.63791121,Kopuaranga,-40.79823344,175.63791121,0.0,Masterton,Masterton,Wellington,Wellington,1
E17300,Whareama,Whareama,STUDY_AT_HOME,21,EDUCATION,Whareama,-40.91901694,175.98994746,Whareama,-40.91901694,175.98994746,0.0,Masterton,Masterton,Wellington,Wellington,1
E17389,Gladstone (Carterton District),Gladstone (Carterton District),STUDY_AT_HOME,15,EDUCATION,Gladstone (Carterton District),-41.21809101,175.86448451,Gladstone (Carterton District),-41.21809101,175.86448451,0.0,Carterton,Carterton,Wellington,Wellington,1
E17391,Mount Holdsworth,Mount Holdsworth,STUDY_AT_HOME,30,EDUCATION,Mount Holdsworth,-40.91709663,175.45136445,Mount Holdsworth,-40.91709663,175.45136445,0.0,Carterton,Carterton,Wellington,Wellington,1
E17413,Martinborough,Martinborough,STUDY_AT_HOME,18,EDUCATION,Martinborough,-41.21981971,175.45862537,Martinborough,-41.21981971,175.45862537,0.0,South Wairarapa,South Wairarapa,Wellington,Wellington,1
E17421,Aorangi Forest,Aorangi Forest,STUDY_AT_HOME,18,EDUCATION,Aorangi Forest,-41.37490301,175.45793738,Aorangi Forest,-41.37490301,175.45793738,0.0,South Wairarapa,South Wairarapa,Wellington,Wellington,1
E17422,Golden Bay/Mohua,Golden Bay/Mohua,STUDY_AT_HOME,45,EDUCATION,Golden Bay/Mohua,-40.86935481,172.57195655,Golden Bay/Mohua,-40.86935481,172.57195655,0.0,Tasman,Tasman,Nelson,Nelson,1
E17425,Pohara-Abel Tasman,Pohara-Abel Tasman,STUDY_AT_HOME,33,EDUCATION,Pohara-Abel Tasman,-40.89750912,172.92321196,Pohara-Abel Tasman,-40.89750912,172.92321196,0.0,Tasman,Tasman,Nelson,Nelson,2
E17609,Motueka North,Motueka North,STUDY_AT_HOME,30,EDUCATION,Motueka North,-41.105891899999996,173.01318855,Motueka North,-41.105891899999996,173.01318855,0.0,Tasman,Tasman,Nelson,Nelson,6
E17831,Aldinga,Aldinga,STUDY_AT_HOME,39,EDUCATION,Aldinga,-41.31388017,173.22157736,Aldinga,-41.31388017,173.22157736,0.0,Nelson,Nelson,Nelson,Nelson,39
E17502,Upper Moutere,Upper Moutere,STUDY_AT_HOME,39,EDUCATION,Upper Moutere,-41.24935169,172.85150896,Upper Moutere,-41.24935169,172.85150896,0.0,Tasman,Tasman,Nelson,Nelson,1
E17621,Golden Downs,Golden Downs,STUDY_AT_HOME,36,EDUCATION,Golden Downs,-41.50890922,172.78826525,Golden Downs,-41.50890922,172.78826525,0.0,Tasman,Tasman,Nelson,Nelson,1
E17626,Murchison-Nelson Lakes,Murchison-Nelson Lakes,STUDY_AT_HOME,24,EDUCATION,Murchison-Nelson Lakes,-41.88459953,172.4650349,Murchison-Nelson Lakes,-41.88459953,172.4650349,0.0,Tasman,Tasman,Nelson,Nelson,1
E17743,Wakefield Rural,Wakefield Rural,STUDY_AT_HOME,27,EDUCATION,Wakefield Rural,-41.49668834,173.12155468,Wakefield Rural,-41.49668834,173.12155468,0.0,Tasman,Tasman,Nelson,Nelson,1
E17835,Marlborough Sounds West,Marlborough Sounds West,STUDY_AT_HOME,42,EDUCATION,Marlborough Sounds West,-41.25619764,173.62635385,Marlborough Sounds West,-41.25619764,173.62635385,0.0,Marlborough,Marlborough,Marlborough,Marlborough,1
E17848,Springlands,Springlands,STUDY_AT_HOME,45,EDUCATION,Springlands,-41.50422292,173.93617831,Springlands,-41.50422292,173.93617831,0.0,Marlborough,Marlborough,Marlborough,Marlborough,16
E17898,Waitohi (Marlborough District),Waitohi (Marlborough District),STUDY_AT_HOME,30,EDUCATION,Waitohi (Marlborough District),-41.2943994,173.99961791,Waitohi (Marlborough District),-41.2943994,173.99961791,0.0,Marlborough,Marlborough,Marlborough,Marlborough,3
E17901,Upper Wairau ,Upper Wairau ,STUDY_AT_HOME,42,EDUCATION,Upper Wairau,-41.71793751,173.30406264,Upper Wairau,-41.71793751,173.30406264,0.0,Marlborough,Marlborough,Marlborough,Marlborough,1
E17957,Awatere,Awatere,STUDY_AT_HOME,30,EDUCATION,Awatere,-42.09611412,173.2944504,Awatere,-42.09611412,173.2944504,0.0,Marlborough,Marlborough,Marlborough,Marlborough,1
E20045,Bryndwr South,Bryndwr South,STUDY_AT_HOME,21,EDUCATION,Bryndwr South,-43.5066813,172.59635325,Bryndwr South,-43.5066813,172.59635325,0.0,Christchurch,Christchurch,Canterbury,Canterbury,192
E18091,Kaikoura Ranges,Kaikoura Ranges,STUDY_AT_HOME,21,EDUCATION,Kaikoura Ranges,-42.19710797,173.64408497,Kaikoura Ranges,-42.19710797,173.64408497,0.0,Kaikoura,Kaikoura,Canterbury,Canterbury,1
E18094,Kaikoura,Kaikoura,STUDY_AT_HOME,30,EDUCATION,Kaikoura,-42.4127248,173.67667951,Kaikoura,-42.4127248,173.67667951,0.0,Kaikoura,Kaikoura,Canterbury,Canterbury,1
E18098,Buller Coalfields,Buller Coalfields,STUDY_AT_HOME,15,EDUCATION,Buller Coalfields,-41.7281935,171.86681611,Buller Coalfields,-41.7281935,171.86681611,0.0,Buller,Buller,West Coast,West Coast,1
E18106,Westport South,Westport South,STUDY_AT_HOME,51,EDUCATION,Westport South,-41.76073382,171.60950019,Westport South,-41.76073382,171.60950019,0.0,Buller,Buller,West Coast,West Coast,3
E18110,Charleston (Buller District),Charleston (Buller District),STUDY_AT_HOME,15,EDUCATION,Charleston (Buller District),-41.92259823,171.58436369999995,Charleston (Buller District),-41.92259823,171.58436369999995,0.0,Buller,Buller,West Coast,West Coast,1
E18111,Inangahua,Inangahua,STUDY_AT_HOME,9,EDUCATION,Inangahua,-42.17196452,171.99565878,Inangahua,-42.17196452,171.99565878,0.0,Buller,Buller,West Coast,West Coast,1
E18117,Greymouth Central,Greymouth Central,STUDY_AT_HOME,15,EDUCATION,Greymouth Central,-42.45704831,171.19924986,Greymouth Central,-42.45704831,171.19924986,0.0,Grey,Grey,West Coast,West Coast,8
E18131,Nelson Creek,Nelson Creek,STUDY_AT_HOME,24,EDUCATION,Nelson Creek,-42.43145547,171.68813975,Nelson Creek,-42.43145547,171.68813975,0.0,Grey,Grey,West Coast,West Coast,1
E18134,Reefton,Reefton,STUDY_AT_HOME,18,EDUCATION,Reefton,-42.11509177,171.86010893,Reefton,-42.11509177,171.86010893,0.0,Buller,Buller,West Coast,West Coast,1
E18135,Barrytown,Barrytown,STUDY_AT_HOME,18,EDUCATION,Barrytown,-42.31021412,171.43339948,Barrytown,-42.31021412,171.43339948,0.0,Grey,Grey,West Coast,West Coast,1
E18137,Dobson,Dobson,STUDY_AT_HOME,15,EDUCATION,Dobson,-42.48840424,171.41007694,Dobson,-42.48840424,171.41007694,0.0,Grey,Grey,West Coast,West Coast,1
E18154,Greymouth Rural,Greymouth Rural,STUDY_AT_HOME,18,EDUCATION,Greymouth Rural,-42.55654451,171.28646793,Greymouth Rural,-42.55654451,171.28646793,0.0,Grey,Grey,West Coast,West Coast,1
E18160,Lake Brunner,Lake Brunner,STUDY_AT_HOME,30,EDUCATION,Lake Brunner,-42.66149957,171.69470271,Lake Brunner,-42.66149957,171.69470271,0.0,Grey,Grey,West Coast,West Coast,1
E18162,Arahura-Kumara,Arahura-Kumara,STUDY_AT_HOME,33,EDUCATION,Arahura-Kumara,-42.6790058,171.13822806,Arahura-Kumara,-42.6790058,171.13822806,0.0,Westland,Westland,West Coast,West Coast,1
E18164,Westland Glaciers-Bruce Bay,Westland Glaciers-Bruce Bay,STUDY_AT_HOME,15,EDUCATION,Westland Glaciers-Bruce Bay,-43.61327906,169.84261384,Westland Glaciers-Bruce Bay,-43.61327906,169.84261384,0.0,Westland,Westland,West Coast,West Coast,1
E18171,Hokitika Rural,Hokitika Rural,STUDY_AT_HOME,30,EDUCATION,Hokitika Rural,-42.78693668,170.96082934,Hokitika Rural,-42.78693668,170.96082934,0.0,Westland,Westland,West Coast,West Coast,2
E18173,Waitaha,Waitaha,STUDY_AT_HOME,6,EDUCATION,Waitaha,-43.09058185,170.78199705,Waitaha,-43.09058185,170.78199705,0.0,Westland,Westland,West Coast,West Coast,1
E18175,Whataroa-Harihari,Whataroa-Harihari,STUDY_AT_HOME,15,EDUCATION,Whataroa-Harihari,-43.25841799,170.43905254,Whataroa-Harihari,-43.25841799,170.43905254,0.0,Westland,Westland,West Coast,West Coast,1
E18177,Amuri,Amuri,STUDY_AT_HOME,30,EDUCATION,Amuri,-42.64453066,172.95870738,Amuri,-42.64453066,172.95870738,0.0,Hurunui,Hurunui,Canterbury,Canterbury,1
E18295,Hanmer Springs,Hanmer Springs,STUDY_AT_HOME,6,EDUCATION,Hanmer Springs,-42.52300220000001,172.82303493,Hanmer Springs,-42.52300220000001,172.82303493,0.0,Hurunui,Hurunui,Canterbury,Canterbury,1
E18297,Upper Hurunui,Upper Hurunui,STUDY_AT_HOME,21,EDUCATION,Upper Hurunui,-42.93387941,172.54733326,Upper Hurunui,-42.93387941,172.54733326,0.0,Hurunui,Hurunui,Canterbury,Canterbury,1
E18300,Parnassus,Parnassus,STUDY_AT_HOME,12,EDUCATION,Parnassus,-42.79494631,173.22267123,Parnassus,-42.79494631,173.22267123,0.0,Hurunui,Hurunui,Canterbury,Canterbury,1
E18301,Ashley Forest,Ashley Forest,STUDY_AT_HOME,18,EDUCATION,Ashley Forest,-43.12462587,172.56403398,Ashley Forest,-43.12462587,172.56403398,0.0,Hurunui,Hurunui,Canterbury,Canterbury,1
E18520,Amberley,Amberley,STUDY_AT_HOME,42,EDUCATION,Amberley,-43.15508463,172.73121686,Amberley,-43.15508463,172.73121686,0.0,Hurunui,Hurunui,Canterbury,Canterbury,2
E18580,Omihi,Omihi,STUDY_AT_HOME,24,EDUCATION,Omihi,-42.98563474,172.94683521,Omihi,-42.98563474,172.94683521,0.0,Hurunui,Hurunui,Canterbury,Canterbury,1
E18865,Okuku,Okuku,STUDY_AT_HOME,9,EDUCATION,Okuku,-43.12763768,172.24230998,Okuku,-43.12763768,172.24230998,0.0,Waimakariri,Waimakariri,Canterbury,Canterbury,1
E18870,Oxford,Oxford,STUDY_AT_HOME,51,EDUCATION,Oxford,-43.2987357,172.18309394,Oxford,-43.2987357,172.18309394,0.0,Waimakariri,Waimakariri,Canterbury,Canterbury,2
E18877,Torlesse,Torlesse,STUDY_AT_HOME,15,EDUCATION,Torlesse,-43.34568833,171.90320308,Torlesse,-43.34568833,171.90320308,0.0,Selwyn,Selwyn,Canterbury,Canterbury,1
E18883,Darfield,Darfield,STUDY_AT_HOME,57,EDUCATION,Darfield,-43.49796117,172.09991696,Darfield,-43.49796117,172.09991696,0.0,Selwyn,Selwyn,Canterbury,Canterbury,4
E18932,Eyrewell,Eyrewell,STUDY_AT_HOME,30,EDUCATION,Eyrewell,-43.39853546,172.28813683,Eyrewell,-43.39853546,172.28813683,0.0,Waimakariri,Waimakariri,Canterbury,Canterbury,1
E20650,Banks Peninsula South,Banks Peninsula South,STUDY_AT_HOME,15,EDUCATION,Banks Peninsula South,-43.78081842,172.72633833,Banks Peninsula South,-43.78081842,172.72633833,0.0,Christchurch,Christchurch,Canterbury,Canterbury,1
E20655,Eastern Bays-Banks Peninsula,Eastern Bays-Banks Peninsula,STUDY_AT_HOME,15,EDUCATION,Eastern Bays-Banks Peninsula,-43.67581961,172.93129665,Eastern Bays-Banks Peninsula,-43.67581961,172.93129665,0.0,Christchurch,Christchurch,Canterbury,Canterbury,1
E20660,Akaroa Harbour,Akaroa Harbour,STUDY_AT_HOME,9,EDUCATION,Akaroa Harbour,-43.84175281,172.95321591,Akaroa Harbour,-43.84175281,172.95321591,0.0,Christchurch,Christchurch,Canterbury,Canterbury,1
E20662,Glenroy-Hororata,Glenroy-Hororata,STUDY_AT_HOME,18,EDUCATION,Glenroy-Hororata,-43.48288665,171.78713574,Glenroy-Hororata,-43.48288665,171.78713574,0.0,Selwyn,Selwyn,Canterbury,Canterbury,1
E20672,Bankside,Bankside,STUDY_AT_HOME,33,EDUCATION,Bankside,-43.65857485,172.03741575,Bankside,-43.65857485,172.03741575,0.0,Selwyn,Selwyn,Canterbury,Canterbury,1
E20947,Chertsey,Chertsey,STUDY_AT_HOME,27,EDUCATION,Chertsey,-43.82506248,171.96646486,Chertsey,-43.82506248,171.96646486,0.0,Ashburton,Ashburton,Canterbury,Canterbury,2
E20762,Cairnbrae,Cairnbrae,STUDY_AT_HOME,18,EDUCATION,Cairnbrae,-43.66455634,171.77355459,Cairnbrae,-43.66455634,171.77355459,0.0,Ashburton,Ashburton,Canterbury,Canterbury,1
E20783,Methven,Methven,STUDY_AT_HOME,39,EDUCATION,Methven,-43.63301935,171.64267984,Methven,-43.63301935,171.64267984,0.0,Ashburton,Ashburton,Canterbury,Canterbury,1
E20789,Ashburton Forks,Ashburton Forks,STUDY_AT_HOME,18,EDUCATION,Ashburton Forks,-43.78492258,171.43181981,Ashburton Forks,-43.78492258,171.43181981,0.0,Ashburton,Ashburton,Canterbury,Canterbury,1
E20791,Ealing-Lowcliffe,Ealing-Lowcliffe,STUDY_AT_HOME,18,EDUCATION,Ealing-Lowcliffe,-44.03656373,171.49741748,Ealing-Lowcliffe,-44.03656373,171.49741748,0.0,Ashburton,Ashburton,Canterbury,Canterbury,1
E20924,Hampstead,Hampstead,STUDY_AT_HOME,30,EDUCATION,Hampstead,-43.91158863,171.75646729,Hampstead,-43.91158863,171.75646729,0.0,Ashburton,Ashburton,Canterbury,Canterbury,12
E21079,Marchwiel East,Marchwiel East,STUDY_AT_HOME,24,EDUCATION,Marchwiel East,-44.37704716,171.23534538,Marchwiel East,-44.37704716,171.23534538,0.0,Timaru,Timaru,Canterbury,Canterbury,22
E20981,Arundel,Arundel,STUDY_AT_HOME,33,EDUCATION,Arundel,-44.06044997,171.05797729,Arundel,-44.06044997,171.05797729,0.0,Timaru,Timaru,Canterbury,Canterbury,1
E20984,Levels Valley,Levels Valley,STUDY_AT_HOME,12,EDUCATION,Levels Valley,-44.27189292,171.01446242,Levels Valley,-44.27189292,171.01446242,0.0,Timaru,Timaru,Canterbury,Canterbury,2
E20988,Fairlie,Fairlie,STUDY_AT_HOME,9,EDUCATION,Fairlie,-44.09701087,170.82535345,Fairlie,-44.09701087,170.82535345,0.0,Mackenzie,Mackenzie,Canterbury,Canterbury,1
E21136,Mackenzie Lakes,Mackenzie Lakes,STUDY_AT_HOME,33,EDUCATION,Mackenzie Lakes,-43.93299669,170.30583782,Mackenzie Lakes,-43.93299669,170.30583782,0.0,Mackenzie,Mackenzie,Canterbury,Canterbury,1
E21138,Twizel,Twizel,STUDY_AT_HOME,27,EDUCATION,Twizel,-44.26855663,170.09376847,Twizel,-44.26855663,170.09376847,0.0,Mackenzie,Mackenzie,Canterbury,Canterbury,1
E21140,Opua (Mackenzie District),Opua (Mackenzie District),STUDY_AT_HOME,18,EDUCATION,Opua (Mackenzie District),-43.856187299999995,171.06857118,Opua (Mackenzie District),-43.856187299999995,171.06857118,0.0,Mackenzie,Mackenzie,Canterbury,Canterbury,1
E21141,Hakataramea,Hakataramea,STUDY_AT_HOME,15,EDUCATION,Hakataramea,-44.5949764,170.59314374,Hakataramea,-44.5949764,170.59314374,0.0,Waimate,Waimate,Canterbury,Canterbury,1
E21162,Waimate West,Waimate West,STUDY_AT_HOME,21,EDUCATION,Waimate West,-44.73240496,171.03832528,Waimate West,-44.73240496,171.03832528,0.0,Waimate,Waimate,Canterbury,Canterbury,3
E21151,Danseys Pass,Danseys Pass,STUDY_AT_HOME,21,EDUCATION,Danseys Pass,-44.89434996,170.50210901,Danseys Pass,-44.89434996,170.50210901,0.0,Waitaki,Waitaki,Canterbury,Canterbury,1
E21154,Morven-Glenavy-Ikawai,Morven-Glenavy-Ikawai,STUDY_AT_HOME,12,EDUCATION,Morven-Glenavy-Ikawai,-44.85372568,171.00103288,Morven-Glenavy-Ikawai,-44.85372568,171.00103288,0.0,Waimate,Waimate,Canterbury,Canterbury,1
E21164,Maungati,Maungati,STUDY_AT_HOME,9,EDUCATION,Maungati,-44.49962787,170.93976175,Maungati,-44.49962787,170.93976175,0.0,Waimate,Waimate,Canterbury,Canterbury,1
E21206,Oamaru North Orana Park,Oamaru North Orana Park,STUDY_AT_HOME,54,EDUCATION,Oamaru North Orana Park,-45.08058565,170.97765366,Oamaru North Orana Park,-45.08058565,170.97765366,0.0,Waitaki,Waitaki,Otago,Otago,8
E21201,Chatham Islands,Chatham Islands,STUDY_AT_HOME,15,EDUCATION,Chatham Islands,-43.77987148,-176.36796277,Chatham Islands,-43.77987148,-176.36796277,0.0,,,,,1
E21202,Aviemore,Aviemore,STUDY_AT_HOME,6,EDUCATION,Aviemore,-44.47471306,169.95056342,Aviemore,-44.47471306,169.95056342,0.0,Waitaki,Waitaki,Canterbury,Canterbury,1
E21203,Ngapara,Ngapara,STUDY_AT_HOME,27,EDUCATION,Ngapara,-45.06213909,170.69741781,Ngapara,-45.06213909,170.69741781,0.0,Waitaki,Waitaki,Otago,Otago,1
E21231,Maheno,Maheno,STUDY_AT_HOME,27,EDUCATION,Maheno,-45.27731871,170.70534409,Maheno,-45.27731871,170.70534409,0.0,Waitaki,Waitaki,Otago,Otago,1
E21232,Waihemo,Waihemo,STUDY_AT_HOME,18,EDUCATION,Waihemo,-45.39244142,170.55159550000005,Waihemo,-45.39244142,170.55159550000005,0.0,Waitaki,Waitaki,Otago,Otago,1
E21234,Palmerston,Palmerston,STUDY_AT_HOME,12,EDUCATION,Palmerston,-45.48147258,170.70954359,Palmerston,-45.48147258,170.70954359,0.0,Waitaki,Waitaki,Otago,Otago,1
E21240,Lindis-Nevis Valleys,Lindis-Nevis Valleys,STUDY_AT_HOME,39,EDUCATION,Lindis-Nevis Valleys,-44.94314357,169.28090388,Lindis-Nevis Valleys,-44.94314357,169.28090388,0.0,Central Otago,Central Otago,Otago,Otago,1
E21419,Albert Town,Albert Town,STUDY_AT_HOME,42,EDUCATION,Albert Town,-44.68367445,169.18201076,Albert Town,-44.68367445,169.18201076,0.0,Queenstown-Lakes,Queenstown-Lakes,Otago,Otago,7
E21252,Cromwell West,Cromwell West,STUDY_AT_HOME,42,EDUCATION,Cromwell West,-45.06411975,169.17047641,Cromwell West,-45.06411975,169.17047641,0.0,Central Otago,Central Otago,Otago,Otago,2
E21257,Manuherikia-Ida Valleys,Manuherikia-Ida Valleys,STUDY_AT_HOME,15,EDUCATION,Manuherikia-Ida Valleys,-45.0524266,169.7255609,Manuherikia-Ida Valleys,-45.0524266,169.7255609,0.0,Central Otago,Central Otago,Otago,Otago,1
E21259,Maniototo,Maniototo,STUDY_AT_HOME,36,EDUCATION,Maniototo,-45.25282329,170.02086908,Maniototo,-45.25282329,170.02086908,0.0,Central Otago,Central Otago,Otago,Otago,1
E21271,Alexandra North,Alexandra North,STUDY_AT_HOME,51,EDUCATION,Alexandra North,-45.24363835,169.38984744,Alexandra North,-45.24363835,169.38984744,0.0,Central Otago,Central Otago,Otago,Otago,4
E21274,Earnscleugh,Earnscleugh,STUDY_AT_HOME,12,EDUCATION,Earnscleugh,-45.2810906,169.25086935,Earnscleugh,-45.2810906,169.25086935,0.0,Central Otago,Central Otago,Otago,Otago,1
E21368,Teviot Valley,Teviot Valley,STUDY_AT_HOME,39,EDUCATION,Teviot Valley,-45.58227059,169.42667896,Teviot Valley,-45.58227059,169.42667896,0.0,Central Otago,Central Otago,Otago,Otago,1
E21374,Glenorchy,Glenorchy,STUDY_AT_HOME,9,EDUCATION,Glenorchy,-44.72734758,168.35593395,Glenorchy,-44.72734758,168.35593395,0.0,Queenstown-Lakes,Queenstown-Lakes,Otago,Otago,1
E21406,Frankton,Frankton,STUDY_AT_HOME,45,EDUCATION,Frankton,-45.01825697,168.74585281,Frankton,-45.01825697,168.74585281,0.0,Queenstown-Lakes,Queenstown-Lakes,Otago,Otago,15
E21393,Outer Wakatipu,Outer Wakatipu,STUDY_AT_HOME,18,EDUCATION,Outer Wakatipu,-44.83712994,168.71544041,Outer Wakatipu,-44.83712994,168.71544041,0.0,Queenstown-Lakes,Queenstown-Lakes,Otago,Otago,1
E21421,Kingston,Kingston,STUDY_AT_HOME,21,EDUCATION,Kingston,-45.19619152,168.51305704,Kingston,-45.19619152,168.51305704,0.0,Queenstown-Lakes,Queenstown-Lakes,Otago,Otago,1
E21423,Mossburn,Mossburn,STUDY_AT_HOME,18,EDUCATION,Mossburn,-45.5465414,168.37465706,Mossburn,-45.5465414,168.37465706,0.0,Southland,Southland,Southland,Southland,1
E21534,Bucklands Crossing,Bucklands Crossing,STUDY_AT_HOME,15,EDUCATION,Bucklands Crossing,-45.62493912,170.53249892,Bucklands Crossing,-45.62493912,170.53249892,0.0,Dunedin,Dunedin,Otago,Otago,1
E21536,Waikouaiti,Waikouaiti,STUDY_AT_HOME,12,EDUCATION,Waikouaiti,-45.60312292,170.66725767,Waikouaiti,-45.60312292,170.66725767,0.0,Dunedin,Dunedin,Otago,Otago,1
E21689,Momona,Momona,STUDY_AT_HOME,18,EDUCATION,Momona,-45.93568773,170.20271369,Momona,-45.93568773,170.20271369,0.0,Dunedin,Dunedin,Otago,Otago,1
E21972,West Otago,West Otago,STUDY_AT_HOME,33,EDUCATION,West Otago,-45.83535422,169.21290702,West Otago,-45.83535422,169.21290702,0.0,Clutha,Clutha,Otago,Otago,1
E22386,Richmond (Invercargill City),Richmond (Invercargill City),STUDY_AT_HOME,57,EDUCATION,Richmond (Invercargill City),-46.40719619,168.36918138,Richmond (Invercargill City),-46.40719619,168.36918138,0.0,Invercargill,Invercargill,Southland,Southland,28
E22018,Waikaka,Waikaka,STUDY_AT_HOME,18,EDUCATION,Waikaka,-45.96604044,168.98043741,Waikaka,-45.96604044,168.98043741,0.0,Gore,Gore,Southland,Southland,1
E22338,Gore South,Gore South,STUDY_AT_HOME,6,EDUCATION,Gore South,-46.12386918,168.92050206,Gore South,-46.12386918,168.92050206,0.0,Gore,Gore,Southland,Southland,6
E22034,Tuapeka,Tuapeka,STUDY_AT_HOME,15,EDUCATION,Tuapeka,-45.88283856,169.71507443,Tuapeka,-45.88283856,169.71507443,0.0,Clutha,Clutha,Otago,Otago,1
E22035,Clinton,Clinton,STUDY_AT_HOME,15,EDUCATION,Clinton,-46.23295914,169.36302838,Clinton,-46.23295914,169.36302838,0.0,Clutha,Clutha,Otago,Otago,1
E22056,Benhar-Stirling,Benhar-Stirling,STUDY_AT_HOME,9,EDUCATION,Benhar-Stirling,-46.23721671,169.77798335,Benhar-Stirling,-46.23721671,169.77798335,0.0,Clutha,Clutha,Otago,Otago,4
E22046,Clutha Valley,Clutha Valley,STUDY_AT_HOME,12,EDUCATION,Clutha Valley,-46.14666172,169.61562874,Clutha Valley,-46.14666172,169.61562874,0.0,Clutha,Clutha,Otago,Otago,1
E22050,Catlins,Catlins,STUDY_AT_HOME,18,EDUCATION,Catlins,-46.45964433,169.46517021,Catlins,-46.45964433,169.46517021,0.0,Clutha,Clutha,Otago,Otago,1
E22052,Bruce,Bruce,STUDY_AT_HOME,24,EDUCATION,Bruce,-46.07247342,170.08655606,Bruce,-46.07247342,170.08655606,0.0,Clutha,Clutha,Otago,Otago,1
E22054,Milton,Milton,STUDY_AT_HOME,39,EDUCATION,Milton,-46.12167234,169.96750182,Milton,-46.12167234,169.96750182,0.0,Clutha,Clutha,Otago,Otago,1
E22058,Mararoa,Mararoa,STUDY_AT_HOME,12,EDUCATION,Mararoa,-45.26618632,167.98136027,Mararoa,-45.26618632,167.98136027,0.0,Southland,Southland,Southland,Southland,1
E22063,Whitestone,Whitestone,STUDY_AT_HOME,12,EDUCATION,Whitestone,-45.44172667,167.75405657,Whitestone,-45.44172667,167.75405657,0.0,Southland,Southland,Southland,Southland,2
E22068,Wyndham-Catlins,Wyndham-Catlins,STUDY_AT_HOME,24,EDUCATION,Wyndham-Catlins,-46.47283276,168.99193119999995,Wyndham-Catlins,-46.47283276,168.99193119999995,0.0,Southland,Southland,Southland,Southland,1
E22073,Lumsden-Balfour,Lumsden-Balfour,STUDY_AT_HOME,18,EDUCATION,Lumsden-Balfour,-45.74921739,168.61002109,Lumsden-Balfour,-45.74921739,168.61002109,0.0,Southland,Southland,Southland,Southland,1
E22081,Winton,Winton,STUDY_AT_HOME,24,EDUCATION,Winton,-46.14486071,168.32382512,Winton,-46.14486071,168.32382512,0.0,Southland,Southland,Southland,Southland,1
E22168,Oreti River,Oreti River,STUDY_AT_HOME,36,EDUCATION,Oreti River,-46.00268489,168.31789888,Oreti River,-46.00268489,168.31789888,0.0,Southland,Southland,Southland,Southland,1
E22171,Longwood Forest,Longwood Forest,STUDY_AT_HOME,30,EDUCATION,Longwood Forest,-46.01707924,167.67301087,Longwood Forest,-46.01707924,167.67301087,0.0,Southland,Southland,Southland,Southland,1
E22175,Otautau,Otautau,STUDY_AT_HOME,57,EDUCATION,Otautau,-46.19250679,168.05347842,Otautau,-46.19250679,168.05347842,0.0,Southland,Southland,Southland,Southland,1
E22179,Riverton,Riverton,STUDY_AT_HOME,21,EDUCATION,Riverton,-46.37009983,168.01257180000005,Riverton,-46.37009983,168.01257180000005,0.0,Southland,Southland,Southland,Southland,1
E22180,Ohai-Nightcaps,Ohai-Nightcaps,STUDY_AT_HOME,27,EDUCATION,Ohai-Nightcaps,-45.89093509,168.02614043,Ohai-Nightcaps,-45.89093509,168.02614043,0.0,Southland,Southland,Southland,Southland,1
E22181,Riversdale-Piano Flat,Riversdale-Piano Flat,STUDY_AT_HOME,15,EDUCATION,Riversdale-Piano Flat,-45.48645863,169.03162811,Riversdale-Piano Flat,-45.48645863,169.03162811,0.0,Southland,Southland,Southland,Southland,1
E22202,Waianiwa,Waianiwa,STUDY_AT_HOME,18,EDUCATION,Waianiwa,-46.24535244,168.33027044,Waianiwa,-46.24535244,168.33027044,0.0,Southland,Southland,Southland,Southland,1
E22269,Hedgehope,Hedgehope,STUDY_AT_HOME,18,EDUCATION,Hedgehope,-46.12903119,168.56584014,Hedgehope,-46.12903119,168.56584014,0.0,Southland,Southland,Southland,Southland,1
E22296,Edendale-Woodlands,Edendale-Woodlands,STUDY_AT_HOME,30,EDUCATION,Edendale-Woodlands,-46.3334381,168.67007113,Edendale-Woodlands,-46.3334381,168.67007113,0.0,Southland,Southland,Southland,Southland,1
E22318,Stewart Island,Stewart Island,STUDY_AT_HOME,6,EDUCATION,Stewart Island,-46.94043601,167.85855017,Stewart Island,-46.94043601,167.85855017,0.0,Southland,Southland,Southland,Southland,1
E22319,Awarua Plains,Awarua Plains,STUDY_AT_HOME,6,EDUCATION,Awarua Plains,-46.48269183,168.60409879,Awarua Plains,-46.48269183,168.60409879,0.0,Southland,Southland,Southland,Southland,1
E22333,Waimumu-Kaiwera,Waimumu-Kaiwera,STUDY_AT_HOME,15,EDUCATION,Waimumu-Kaiwera,-46.20791261,169.07308711,Waimumu-Kaiwera,-46.20791261,169.07308711,0.0,Gore,Gore,Southland,Southland,1
